{"cameraMode":{"drawMode":0,"name":"Shaded","section":"Shading Mode"},"sceneLighting":true,"audioPlay":false,"sceneViewState":{"showFog":true,"showMaterialUpdate":false,"showSkybox":true,"showFlares":true,"showImageEffects":true,"showParticleSystems":true},"in2DMode":false,"pivot":{"x":235.80679321289063,"y":28.77558135986328,"z":-150.53549194335938},"rotation":{"x":0.05106622725725174,"y":0.6594317555427551,"z":-0.04497508332133293,"w":0.7486884593963623},"size":130.06346130371095,"orthographic":true}