{"cameraMode":{"drawMode":0,"name":"Shaded","section":"Shading Mode"},"sceneLighting":false,"audioPlay":false,"sceneViewState":{"showFog":true,"showMaterialUpdate":false,"showSkybox":false,"showFlares":true,"showImageEffects":true,"showParticleSystems":true},"in2DMode":false,"pivot":{"x":-37.71120834350586,"y":1.2790799140930176,"z":-486.382080078125},"rotation":{"x":-0.014566284604370594,"y":0.6368874311447144,"z":0.01204143837094307,"w":0.770734965801239},"size":12.584579467773438,"orthographic":true}